{"cameraMode":{"drawMode":0,"name":"Shaded","section":"Shading Mode"},"sceneLighting":false,"audioPlay":false,"sceneViewState":{"m_AlwaysRefresh":false,"showFog":true,"showSkybox":false,"showFlares":true,"showImageEffects":true,"showParticleSystems":true,"showVisualEffectGraphs":true,"m_FxEnabled":true},"in2DMode":false,"pivot":{"x":-0.13168397545814515,"y":1.1684741973876954,"z":-0.9126632213592529},"rotation":{"x":-0.007822775281965733,"y":-0.9904056191444397,"z":0.12425253540277481,"w":-0.06154513359069824},"size":1.4107356071472169,"orthographic":false}