{"cameraMode":{"drawMode":0,"name":"Shaded","section":"Shading Mode"},"sceneLighting":true,"audioPlay":false,"sceneViewState":{"m_AlwaysRefresh":false,"showFog":true,"showSkybox":true,"showFlares":true,"showImageEffects":true,"showParticleSystems":true,"showVisualEffectGraphs":true,"m_FxEnabled":true},"in2DMode":false,"pivot":{"x":-2.3988828659057619,"y":-0.016914285719394685,"z":12.708725929260254},"rotation":{"x":-0.09005318582057953,"y":0.05434615537524223,"z":-0.00493623735383153,"w":-0.9944632649421692},"size":11.685890197753907,"orthographic":false}