{"cameraMode":{"drawMode":0,"name":"Shaded","section":"Shading Mode"},"sceneLighting":true,"audioPlay":false,"sceneViewState":{"m_AlwaysRefresh":false,"showFog":true,"showSkybox":true,"showFlares":true,"showImageEffects":true,"showParticleSystems":true,"showVisualEffectGraphs":true,"m_FxEnabled":true},"in2DMode":false,"pivot":{"x":-1.6767780780792237,"y":-1.148396611213684,"z":16.076000213623048},"rotation":{"x":-0.16004522144794465,"y":0.03019438497722149,"z":-0.004914295393973589,"w":-0.9866588711738586},"size":11.685890197753907,"orthographic":false}