{"cameraMode":{"drawMode":0,"name":"Shaded","section":"Shading Mode"},"sceneLighting":true,"audioPlay":false,"sceneViewState":{"m_AlwaysRefresh":false,"showFog":true,"showSkybox":true,"showFlares":true,"showImageEffects":true,"showParticleSystems":true,"showVisualEffectGraphs":true,"m_FxEnabled":true},"in2DMode":false,"pivot":{"x":-0.8977903723716736,"y":-3.9660189151763918,"z":15.276988983154297},"rotation":{"x":-0.21004898846149445,"y":-0.0404660739004612,"z":0.008702367544174195,"w":-0.9768140316009522},"size":10.788239479064942,"orthographic":false}