{"cameraMode":{"drawMode":0,"name":"Shaded","section":"Shading Mode"},"sceneLighting":true,"audioPlay":false,"sceneViewState":{"m_AlwaysRefresh":false,"showFog":true,"showSkybox":true,"showFlares":true,"showImageEffects":true,"showParticleSystems":true,"showVisualEffectGraphs":true,"m_FxEnabled":true},"in2DMode":false,"pivot":{"x":0.120070680975914,"y":-4.021745681762695,"z":12.691688537597657},"rotation":{"x":-0.21022836863994599,"y":-0.002349384594708681,"z":0.000505894364323467,"w":-0.9776471257209778},"size":9.083351135253907,"orthographic":false}