{"cameraMode":{"drawMode":0,"name":"Shaded","section":"Shading Mode"},"sceneLighting":false,"audioPlay":false,"sceneViewState":{"m_AlwaysRefresh":false,"showFog":true,"showSkybox":false,"showFlares":true,"showImageEffects":true,"showParticleSystems":true,"showVisualEffectGraphs":true,"m_FxEnabled":true},"in2DMode":false,"pivot":{"x":0.016974806785583497,"y":0.7738032937049866,"z":0.10362471640110016},"rotation":{"x":-0.0216005127876997,"y":-0.9442277550697327,"z":0.06264827400445938,"w":-0.322767972946167},"size":1.4107356071472169,"orthographic":false}