{"cameraMode":{"drawMode":0,"name":"Shaded","section":"Shading Mode"},"sceneLighting":false,"audioPlay":false,"sceneViewState":{"m_AlwaysRefresh":false,"showFog":true,"showSkybox":false,"showFlares":true,"showImageEffects":true,"showParticleSystems":true,"showVisualEffectGraphs":true,"m_FxEnabled":true},"in2DMode":false,"pivot":{"x":-0.3149999976158142,"y":0.09500005096197128,"z":-1.2339999675750733},"rotation":{"x":0.07332293689250946,"y":0.754474937915802,"z":-0.08545193076133728,"w":0.6469736099243164},"size":0.09069182723760605,"orthographic":false}